id,site_id,title,seller_id,category_id,price,initial_quantity,condition,base_price,brand,color,generation,model
MLA1735716096,MLA,Xiaomi Mi Tv Stick Full Hd 8gb Con Control Color Negro,166498436,MLA352001,83990.0,58,new,83990.0,xiaomi,negro,2.ª generación,mi tv stick
MLA1347014756,MLA,Xiaomi Stick 4k Mdz-27-aa De Voz 4k 8gb Negro Con 2gb De Memoria Ram,204101135,MLA352001,118195.0,56,new,118195.0,xiaomi,negro,,stick 4k
MLA1160173040,MLA,Convertidor A Tv Smart Xiaomi Mi Tv Stick Disney Netflix Hbo,371664900,MLA352001,134289.0,14,new,134289.0,xiaomi,,2.ª generación,mi tv stick
MLA1128205818,MLA,Xiaomi Tv Stick 4k 2gb Ram 8gb Rom C/control Netflix-android,262582139,MLA352001,121799.13,239,new,121799.13,xiaomi,,mdz-27-aa,stick 4k
MLA1156364072,MLA,Xiaomi Mi Tv Stick Full Hd 8gb Android 9.0 Hdmi 2k Pcreg,666749750,MLA352001,95109.0,84,new,95109.0,xiaomi,,2.ª generación,mi tv stick
MLA1421268411,MLA,Xiaomi Stick 4k Mdz-27-aa De Voz 4k 8gb 2gb De Memoria Ram,294490958,MLA352001,155092.0,15,new,155092.0,xiaomi,,,stick 4k
MLA1160117408,MLA,Convertidor Smart Xiaomi Mi Tv Stick Amazon Disney Netflix,723068152,MLA352001,134289.0,56,new,134289.0,xiaomi,,2.ª generación,mi tv stick
MLA1128238985,MLA,Xiaomi Tv Stick 4k 2gb Ram 8gb Rom C/control Netflix-android,262582139,MLA352001,165999.0,37,new,165999.0,xiaomi,,mdz-27-aa,stick 4k
MLA916225960,MLA,Xiaomi Mi Tv Stick Mdz-24-aa Full Hd 8gb 1gb Ram Control,23742253,MLA352001,94745.7,85,new,94745.7,xiaomi,,,mi tv stick
MLA1454212392,MLA,Xiaomi Stick 4k Control De Voz 4k 8gb Negro Con 2gbram,668916751,MLA352001,122505.83,1,new,122505.83,xiaomi,,,stick 4k
MLA934496726,MLA, Xiaomi Mi Tv Stick Mdz-24-aa  De Voz Full Hd 8gb  1gb ,680515,MLA352001,122206.0,26,new,122206.0,xiaomi,,2.ª generación,mi tv stick
MLA1404237331,MLA,Xiaomi Stick 4k Mdz-27-aa De Voz 4k 8gb Negro,208948246,MLA352001,226868.02,2,new,226868.02,xiaomi,,,stick 4k
MLA930626947,MLA,Xiaomi Mi Tv Stick Mdz-24-aa Full Hd 8gb 1gb Ram Control,23742253,MLA352001,105273.0,98,new,105273.0,xiaomi,,,mi tv stick
MLA1404199063,MLA,Xiaomi Stick 4k Mdz-27-aa De Voz 4k 8gb Negro,208948246,MLA352001,153782.18,2,new,153782.18,xiaomi,,,stick 4k
MLA1220098794,MLA,Tv Stick Xiaomi Mi Full Hd Chromecast Smart Netflix Disney ,45059170,MLA352001,89999.0,24,new,89999.0,xiaomi,,2.ª generación,mi tv stick
MLA916228017,MLA,Xiaomi Mi Tv Stick Mdz-24-aa Full Hd 8gb 1gb Ram Control,23742253,MLA352001,131446.0,101,new,131446.0,xiaomi,,2.ª generación,mi tv stick
MLA1385002491,MLA,Xiaomi Mi Tv Stick Smart Tv Wifi 8gb  1gb  Voz Netflix Hbo,77566478,MLA352001,94809.0,12,new,94809.0,xiaomi,,2.ª generación,mi tv stick
MLA1220061069,MLA,Xiaomi Mi Tv Stick Full Hd 1080p 8gb Android Chromecast Gtia,53971387,MLA352001,89999.0,9,new,89999.0,xiaomi,,2.ª generación,mi tv stick
MLA1220041782,MLA,Xiaomi Mi Tv Stick Full Hd Smart Android Netflix Amazon +,53971387,MLA352001,123999.0,18,new,123999.0,xiaomi,,2.ª generación,mi tv stick
MLA1142301756,MLA,Xiaomi Mi Tv Stick Mdz-24-ab Full Hd 8gb Negro Con 1gb Ram,160183630,MLA352001,107932.02,42,new,107932.02,xiaomi,,2.ª generación,mi tv stick
MLA1220188993,MLA,Xiaomi Mi Tv Stick Android Chromecast Smart Netflix Amazon +,45059170,MLA352001,123999.0,18,new,123999.0,xiaomi,,2.ª generación,mi tv stick
MLA1104393417,MLA, Xiaomi Mi Tv Stick Full Hd 8gb Negro Con 1gb De Ram,160885918,MLA352001,98340.0,18,new,98340.0,xiaomi,,2.ª generación,mi tv stick
MLA1330818578,MLA,Mi Tv Stick ,64647504,MLA352001,115795.26,2,new,115795.26,xiaomi,,2.ª generación,mi tv stick
MLA1400335498,MLA,Xiaomi Mi Tv Stick Mdz-24-aa Control Voz Full Hd 8gb 1gb Ram,84488765,MLA352001,113245.0,3,new,113245.0,xiaomi,,2.ª generación,mi tv stick
MLA1141550351,MLA,Xiaomi Mi Tv Stick Mdz-24-aa De Voz Full Hd 8gb Negro,320124044,MLA352001,155200.0,3,new,155200.0,xiaomi,,2.ª generación,mi tv stick
MLA1131155678,MLA,Tv Box Xiaomi Mi Tv Stick,668916751,MLA352001,138935.78,5,new,138935.78,xiaomi,,2.ª generación,mi tv stick
MLA1141550367,MLA,Xiaomi Mi Tv Stick Mdz-24-aa De Voz Full Hd 8gb Negro,320124044,MLA352001,203640.0,7,new,203640.0,xiaomi,,2.ª generación,mi tv stick
MLA1480941548,MLA,Xiaomi Mi Tv Stick Mdz-24-aa ,188194030,MLA352001,145000.0,4,new,145000.0,xiaomi,,2.ª generación,mi tv stick
MLA1418323927,MLA,Xiaomi Mi Tv Stick Full Hd 8gb Con Control Color Negro,288331144,MLA352001,108000.0,1,new,108000.0,xiaomi,,2.ª generación,mi tv stick
MLA1330407141,MLA,Mi Tv Stick ,64647504,MLA352001,173692.89,3,new,173692.89,xiaomi,,2.ª generación,mi tv stick
MLA1173627771,MLA,Tv Stick Xiaomi Hdmi 1080p Andorid Tv Google Netflix Voz Cts,16965300,MLA352001,127690.0,4,new,127690.0,xiaomi,,2.ª generación,mi tv stick
MLA1426251553,MLA,Xiaomi Mi Tv Stick Full Hd 1080p 8gb Control Voz Original,325303103,MLA352001,232400.0,1,new,232400.0,xiaomi,,,mi tv stick
MLA1124556559,MLA,Xiaomi Mi Tv Stick Full Hd Chromecast Android Amazon Netflix,472182447,MLA352001,99990.0,88,new,99990.0,xiaomi,,2.ª generación,mi tv stick
MLA1424820211,MLA,Xiaomi Tv Stick 4k De Voz 8gb 2gb Ram Último Modelo!,27529305,MLA352001,145999.0,1,new,145999.0,xiaomi,,2.ª generación,stick 4k
MLA1407312387,MLA,Xiaomi Mi Box S Mdz-22-ab De Voz 4k 8gb Negro Con 2gb De Memoria Ram,668916751,MLA352001,192979.77,1,new,192979.77,xiaomi,negro,,mi box s
MLA1173545800,MLA,Xiaomi Mi Tv Stick Mdz-24-aa De Voz Full Hd 8gb 1gb Ram,257268268,MLA352001,109669.0,4,new,109669.0,xiaomi,,2.ª generación,mi tv stick
MLA1428161693,MLA,Xiaomi Mi Tv Stick Full Hd 8gb Con Control Negro,531947872,MLA352001,170472.21,1,new,170472.21,xiaomi,,2.ª generación,mi tv stick
MLA1772744666,MLA,Xiaomi Mi Tv Stick Full Hd 8gb Con Control Color Negro,441601680,MLA352001,109566.0,1,new,109566.0,xiaomi,,2.ª generación,mi tv stick
MLA1548472866,MLA,Xiaomi Mi Tv Stick Mdz-24-aa - Negro - 8 Gb - 1 Gb ,1159877969,MLA352001,168000.0,1,new,168000.0,xiaomi,,2.ª generación,mi tv stick
MLA1381105305,MLA,Mi Tv Stick Xiaomi Android 9.0 Hdr 2k Hdmi - Xiaomi,87021400,MLA352001,135000.0,7,new,135000.0,xiaomi,,fhd,mi tv stick
MLA1744931608,MLA,Xiaomi Mi Tv Stick Full Hd 8gb Con Control Color Negro,454018339,MLA352001,181800.0,5,new,181800.0,xiaomi,,2.ª generación,mi tv stick
MLA1669773106,MLA,Xiaomi Tv Stick 4k,76891979,MLA352001,149990.0,1,new,149990.0,xiaomi,,2.ª generación,mi tv stick
MLA1133503688,MLA,Xiaomi Mi Tv Stick Full Hd 8gb Negro Con 1gb De Memoria Ram,747830516,MLA352001,98999.0,58,new,98999.0,xiaomi,,2.ª generación,mi tv stick
MLA1418493709,MLA,Xiaomi Mi Box 4k - Android Tv,56611717,MLA352001,93000.0,1,used,93000.0,xiaomi,,2.ª generación,mi box s
MLA1610717196,MLA,Xiaomi Mi Box Tv Mdz 16 Ab 4k 2gb Ram 8gb,71967005,MLA352001,100000.0,1,used,100000.0,xiaomi,,,mi box
MLA1746540330,MLA,Xiaomi Mi Box S 4k 8gb  Negro 2gb Ram Android Tv,5798606,MLA352001,99999.0,1,used,99999.0,xiaomi,,2.ª generación,mi box s
MLA1767272378,MLA,Xiaomi Stick Tv 4k,115805043,MLA352001,80000.0,1,used,80000.0,xiaomi,,,stick 4k
MLA1769109630,MLA,Mi Tv Stick Xiaomi,45029769,MLA352001,60000.0,1,used,60000.0,xiaomi,,2.ª generación,mi tv stick
MLA1781960482,MLA,Xiaomi Mi Tv Stick ,91690819,MLA352001,75000.0,1,used,75000.0,xiaomi,,1.ª generación,mi tv stick
MLA1780386580,MLA,Xiaomi Mi Box S,96814251,MLA352001,90000.0,1,used,90000.0,xiaomi,,2.ª generación,mi box s
MLA918072516,MLA,Google Nest Mini Nest Mini 2nd Gen Con Asistente Virtual Google Assistant Chalk 110v/220v,119914491,MLA409415,61740.5,1935,new,61740.5,google,chalk,,nest mini 2nd gen
MLA934111387,MLA,"Google Nest Hub Con Asistente Virtual Google Assistant, Pantalla Integrada De 7  Chalk 110v/220v",284824585,MLA409415,225693.9,201,new,225693.9,google,chalk,,nest hub
MLA1389173603,MLA,"Google Nest Hub Con Asistente Virtual Google Assistant, Pantalla Integrada De 7  Charcoal 110v/220v",309453406,MLA409415,249990.0,1002,new,249990.0,google,charcoal,,nest hub
MLA1146279904,MLA,Google Home Mini Con Asistente Virtual Google Assistant Coral 110v/220v,309453406,MLA409415,69591.3,1271,new,69591.3,google,coral,,home mini
MLA1376911913,MLA,Google Home Mini Con Asistente Virtual Google Assistant Chalk 110v/220v,56599171,MLA409415,128999.0,61,new,128999.0,google,chalk,,home mini
MLA1427467661,MLA,Google Nest Hub 2 Con Asistente Virtual Google Assistant,1093572823,MLA409415,226026.0,5,new,226026.0,google,,,nest hub
MLA1597457958,MLA,Google Home Mini Con Asistente Virtual  Charcoal Refabricado,309453406,MLA409415,49999.0,999,new,49999.0,google,,,home mini
MLA1597574484,MLA,Parlante Google Home Mini Asistente Virtual Refabricado,284824585,MLA409415,54990.0,1002,new,54990.0,google,,,home mini
MLA1597677282,MLA,Parlante Google Home Mini Asistente Virtual Wifi Refabricado,284824585,MLA409415,69990.0,999,new,69990.0,google,,,home mini
MLA873350814,MLA,Google Home Mini Asistente Virtual Bulk - Sin Caja / Cuot.s!,247639927,MLA409415,79998.0,20,new,79998.0,google,,,home mini
MLA873351413,MLA,Google Home Mini Asistente Virtual Bulk - Sin Caja - Envío ,247639927,MLA409415,59998.0,46,new,59998.0,google,,,home mini
MLA1398793543,MLA,Google Home Mini Con Asistente Virtual Google Assistant Ref,284824585,MLA409415,55990.0,999,new,55990.0,google,,,home mini
MLA873351456,MLA,Google Home Mini Asistente - Bulk - Sin Caja - Fuente 220v ,247639927,MLA409415,59995.0,45,new,59995.0,google,,,home mini
MLA873646326,MLA,Google Home Mini Asistente Virtual Bulk - Sin Caja - Oferta!,247639927,MLA409415,59994.0,28,new,59994.0,google,,,home mini
MLA1384134643,MLA,Google Home Mini Versión Bulk/ Sin Caja/ Cargador Original!,247639927,MLA409415,59997.0,46,new,59997.0,google,,,home mini
MLA1125935779,MLA,Google Home Mini + Chromecast 2nd Generation Netflix Spotify,119914491,MLA409415,109990.0,1047,new,109990.0,google,,,home mini
MLA930506223,MLA,Soporte Montaje Embutido Pared Google Home Hub Mountgenie,86543122,MLA409415,17000.0,45,new,17000.0,google,,,nest hub
MLA1597470910,MLA,Google Home Mini Con Google Assistant Negro Reacondicionado,119914491,MLA409415,49999.0,999,new,49999.0,google,,,home mini
MLA1782001408,MLA,Pantalla Inteligente Google Home Hub Youtube Refabricado ,309453406,MLA409415,249999.0,2,new,249999.0,google,,,home hub
MLA1683895992,MLA,Google Home Max Con Asistente Virtual Google Assistant Chalk 100v/240v,278897053,MLA409415,671724.0,1,new,671724.0,google,chalk,,home max
MLA1597677284,MLA,Parlante Google Home Mini Google Assistant Wifi Refabricado,119914491,MLA409415,69990.0,999,new,69990.0,google,,,home mini
MLA1782013968,MLA,Pantalla Inteligente Google Home Hub Charcoal Refabricado ,309453406,MLA409415,209999.0,2,new,209999.0,google,,,home hub
MLA1398755255,MLA,Google Home Mini Google Assistant Chalk 110v/220v Ref,119914491,MLA409415,55990.0,999,new,55990.0,google,,,home mini
MLA1781975708,MLA,Pantalla Google Home Hub 7'' Youtube Netflix Reacondicionado,284824585,MLA409415,249999.0,2,new,249999.0,google,,,home hub
MLA1400539531,MLA,Google Home Mini Asistente Virtual Google Assistant Ref,284824585,MLA409415,64990.0,3,new,64990.0,google,,,home mini
MLA1781936708,MLA,Pantalla Google Home Hub Asistente Virtual Reacondicionado,284824585,MLA409415,209999.0,2,new,209999.0,google,,,home hub
MLA1597677286,MLA,Speaker Google Home Mini Con Asistente Virtual  Refabricado,309453406,MLA409415,69990.0,999,new,69990.0,google,,,home mini
MLA856427510,MLA,Asistente Virtual Google Home Hub Parlante Voice Match Cuota,284824585,MLA409415,439990.0,999,new,439990.0,google,,,home hub
MLA856426768,MLA,Google Home Hub Parlante Asistente Virtual Smart Premium,119914491,MLA409415,439990.0,1003,new,439990.0,google,,,home hub
MLA1781988458,MLA,Pantalla Inteligente Google Home Hub 7'' Hd Refabricado ,119914491,MLA409415,209999.0,2,new,209999.0,google,,,home hub
MLA1782256012,MLA,Google Home Hub Pantalla Inteligente 7'' Hd Reacondicionado,119914491,MLA409415,249999.0,2,new,249999.0,google,,,home hub
MLA1398845395,MLA,Google Home Mini Con Asistente Virtual Chalk 110v/220v Ref,309453406,MLA409415,55990.0,999,new,55990.0,google,,,home mini
MLA1398832615,MLA,Google Home Mini Con Asistente Virtual Bluetooth Ref,284824585,MLA409415,71990.0,999,new,71990.0,google,,,home mini
MLA1400506527,MLA,Google Home Mini Multi-room Google Assistant Refabricado,284824585,MLA409415,84990.0,2,new,84990.0,google,,,home mini
MLA1154268993,MLA,Combo Google Home Mini + Chromecast 2 Asistente Virtuales,309453406,MLA409415,129990.0,1002,new,129990.0,google,,,home mini
MLA1392445767,MLA,Google Home Mini Asistente Virtual Bulk Sin Caja Original +,45059170,MLA409415,101774.0,4,new,101774.0,google,,,home mini
MLA1398845475,MLA,Google Home Mini Google Assistant Chalk  9 W Ref,119914491,MLA409415,71990.0,999,new,71990.0,google,,,home mini
MLA1398767505,MLA,Google Home Mini Con Asistente Virtual Multi-room Ref,309453406,MLA409415,71990.0,999,new,71990.0,google,,,home mini
MLA1125948601,MLA,Combo Google Home Mini + Chromecast 2 Ga00379-us,309453406,MLA409415,129990.0,1133,new,129990.0,google,,,home mini
MLA1149361692,MLA,Asistente Google Nest Hub Pantalla Smart Tactil 7´´ ,119914491,MLA409415,319990.0,24,new,319990.0,google,,,nest hub
MLA1616759000,MLA,Google Home Google Assistant Asistente Virtual Refabricado,119914491,MLA409415,154990.0,1,new,154990.0,google,,,home
MLA873352268,MLA,Google Home Mini /bulk - Sin Caja + Cuot.s S/ Inter.s ,247639927,MLA409415,79997.0,20,new,79997.0,google,,,home mini
MLA1392498187,MLA,Google Home Mini Asistente Virtual Bulk Bolsa Nuevo Gtia +,53971387,MLA409415,101774.0,4,new,101774.0,google,,,home mini
MLA856423988,MLA,Asistente Virtual Google Home Hub Smart Pantalla 7 Wifi Bt ,309453406,MLA409415,324990.0,1009,new,324990.0,google,,,nest hub
MLA856428537,MLA,Asistente Virtual Google Home Hub Pantalla 7 Smart Nest Wifi,284824585,MLA409415,324990.0,1057,new,324990.0,google,,,nest hub
MLA1110377590,MLA,Soporte De Pared Google Mini Home / Nest Mini 2da Generacion,738783679,MLA409415,9612.0,39007,new,9612.0,google,,,nest mini 2nd gen
MLA1781989404,MLA,Parlante Asistente De Voz Google Nest Mini/2da Gen/bt/gris,531947872,MLA409415,116638.81,1,new,116638.81,google,gris,,ga00638-la
MLA1426697551,MLA,Asistente Virtual Home Google Assistant 2da Generation Blanc,1093572823,MLA409415,255000.0,58,new,255000.0,google,,,2
MLA833417329,MLA,Google Home Mini Asistente Virtual Parlante Original Español,325303103,MLA409415,105800.0,1,new,105800.0,google,,,home mini
MLA857710195,MLA,Soporte De Pared A 45º Google Home Hub - Base 138x60mm,64130989,MLA409415,7999.0,8,new,7999.0,google,,,home hub
MLA912014012,MLA,Soporte De Pared Google Mini Home / Nest Mini 2da Generacion,64130989,MLA409415,3999.0,65,new,3999.0,google,,,nest mini 2nd gen
MLA1552268722,MLA,Google Nest Mini 2 Gris Claro,37304985,MLA409415,75000.0,1,new,75000.0,google,,,ga00638-la
MLA1110314122,MLA,Soporte Pared 45º Google Home Hub Base 138x60mm Nextsale,738783679,MLA409415,9612.0,25999,new,9612.0,google,,,home hub
MLA1401436623,MLA,Asistente De Google Nest Mini Gray,1618681063,MLA409415,283080.0,1,new,283080.0,google,,,ga00638-la
MLA857704576,MLA,Soporte De Pared Google Home Hub Max - Base 198x84mm,64130989,MLA409415,4999.0,2,new,4999.0,google,,,home hub
MLA1412976451,MLA,Google Home Hub Control Por Voz Pantalla Hd 7  Blanco/gris,119914491,MLA409415,256490.5,1,new,256490.5,google,,,home hub
MLA1693634994,MLA,Google Home Hub Pantalla Hd 7  Wi-fi Bluetooth Sensor De Luz,119914491,MLA409415,319590.6,1,new,319590.6,google,,,home hub
MLA873351615,MLA,Google Home Mini Asistente Virtual Bulk - Sin Caja - Cuot.s,247639927,MLA409415,79995.0,20,new,79995.0,google,,,home mini
MLA1400957805,MLA,Google Home Asistente Virtual Google Assistant White Y Slate,58023721,MLA409415,130000.0,1,used,130000.0,google,,,home
MLA1364551668,MLA,Parlante Inteligente Google Home Mini  Youtube Usado Gris,284824585,MLA409415,54990.0,5,used,54990.0,google,,,home mini
MLA1361515563,MLA,Parlante Inteligente Google Home Mini Smart Speaker Spotify,119914491,MLA409415,59990.0,5,used,59990.0,google,,,home mini
MLA1400435271,MLA,Google Home Asistente Virtual Google Assistant White Y Slate,156793285,MLA409415,210000.0,1,used,210000.0,google,,,home
MLA1697160902,MLA,Google Home Mini Asistente Virtual Google 110v/220v,111443345,MLA409415,40000.0,1,used,40000.0,google,,,home mini
MLA1428235131,MLA,Google Home Mini,174102085,MLA409415,30000.0,1,used,30000.0,google,,,home
MLA1412480803,MLA,Google Home Mini Negro,112541789,MLA409415,69000.0,1,used,69000.0,google,,,home mini
MLA1729674676,MLA,Parlante Google Home  Con Asistente Virtual Blanco Usado,201150273,MLA409415,119990.0,1,used,119990.0,google,,,home
MLA1361528507,MLA,Parlante Inteligente Google Home Mini Smart Speaker Gris Yt,309453406,MLA409415,59990.0,4,used,59990.0,google,,,home mini
MLA1426855485,MLA,Google Home Con Google Assistant White Y Slate - Usado ,37808195,MLA409415,75000.0,1,used,75000.0,google,,,home
MLA1419528659,MLA,Google Home Mini Con Google Assistant (gris Claro U Oscuro),201150273,MLA409415,69999.0,2,used,69999.0,google,,,home mini
MLA1763255572,MLA,Parlante Google Home ,484529825,MLA409415,99999.0,1,used,99999.0,google,,,home
MLA1641133866,MLA,Google Home Mini Asistente Virtual Google Assistant Charcoal,778112200,MLA409415,50000.0,4,used,50000.0,google,,,home mini
MLA1418030191,MLA,Google Home Mini Excelente Estado,52044208,MLA409415,45000.0,1,used,45000.0,google,,,home mini
MLA1422239063,MLA,Google Home Mini Con Asistente Virtual ,484529825,MLA409415,59999.0,2,used,59999.0,google,,,home mini
MLA1416430677,MLA,Google Home Mini Original!! Google Assistant ,80964507,MLA409415,61000.0,1,used,61000.0,google,,,home mini
MLA1783967044,MLA,"Google Home Mini (usado, No Funciona)",96735640,MLA409415,22000.0,1,used,22000.0,google,,,home mini
MLA1414041489,MLA,Google Home Mini,165067922,MLA409415,60000.0,1,used,60000.0,google,,,home mini
MLA1422802963,MLA,Google Home Mini Con Asistente Virtual Google Assistant ,191011608,MLA409415,45000.0,1,used,45000.0,google,,,home mini
MLA1423807989,MLA,Google Home Mini - Asistente Virtual!! ,83534601,MLA409415,40000.0,1,used,40000.0,google,,,home mini
MLA1427833641,MLA,Google Home Mini Con Asistente Virtual Google Assistant ,511295074,MLA409415,65000.0,1,used,65000.0,google,,,home mini
MLA1762510570,MLA,Google Home Mini - Google Assistant 110v/220v (1ra Gen),150586521,MLA409415,50000.0,1,used,50000.0,google,,,home mini
MLA1424559769,MLA,Vendo Google Home Mini,225058955,MLA409415,45000.0,1,used,45000.0,google,,,home mini
MLA1423715969,MLA,Google Home Mini,90153141,MLA409415,38000.0,1,used,38000.0,google,,,home mini
MLA1421791395,MLA,Google Home Mini,111665874,MLA409415,56000.0,1,used,56000.0,google,,,home mini
MLA1754733880,MLA,Asistente De Google Home,79657893,MLA409415,350000.0,1,used,350000.0,google,,,google home y mini
MLA1409676813,MLA,Google Home Mini Asistente Virtual Google Assistant Charcoal,476431411,MLA409415,50000.0,1,used,50000.0,google,,,home mini
MLA1745903378,MLA,Google Home. Asistente Virtual,152694336,MLA409415,100000.0,1,used,100000.0,google,,,home
MLA1765977068,MLA,Google Home Mini Con Asistente Virtual Google Charcoal,82765167,MLA409415,69900.0,1,used,69900.0,google,,,home mini
MLA1569955706,MLA,Google Home Asistente Virtual Google Assistant White Y Slate,781556525,MLA409415,1100000.0,1,used,1100000.0,google,,,home
MLA1413479853,MLA,Google Home Mini - Google Assistant (1ra Gen),308748435,MLA409415,50000.0,1,used,50000.0,google,,,home mini
MLA1420797941,MLA,Google Home Mini,5797171,MLA409415,44000.0,1,used,44000.0,google,,,home mini
MLA1749224088,MLA,Google Home Mini,12751964,MLA409415,50000.0,1,used,50000.0,google,,,home mini
MLA1424602139,MLA,Apple Tv 4k 64gb Negro 1.ª Generación 2017,309453406,MLA352001,269990.0,999,new,269990.0,apple,negro,1.ª generación 2017,apple tv 4k
MLA1420959285,MLA,Apple Tv 4k 32gb Negro 1.ª Generación 2017,284824585,MLA352001,239990.0,1004,new,239990.0,apple,negro,1.ª generación 2017,apple tv 4k
MLA1424666485,MLA,Apple Tv 4k 64gb Color Negro Tipo De Control Remoto De Voz,309453406,MLA352001,269999.0,999,new,269999.0,apple,negro,1.ª generación 2017,apple tv 4k
MLA1361061092,MLA, Apple Tv 4k (wifi + Ethernet) A2843 De Voz 3.ª Generación 2022 4k 128gb Negro,1017136269,MLA352001,466999.0,34,new,466999.0,apple,negro,3.ª generación 2022,apple tv 4k (wifi + ethernet)
MLA1732679658,MLA, Apple Tv 4k (wifi) A2737 3.ª Generación 2022 4k 64gb Color Negro Tipo De Control Remoto Control De Voz,729785121,MLA352001,640200.0,1,new,640200.0,apple,negro,3.ª generación 2022,apple tv 4k (wifi)
MLA1760701550,MLA,Apple Tv 4k 32 Gb,119914491,MLA352001,249999.0,4,new,249999.0,apple,negro,1.ª generación 2017,apple tv 4k
MLA1453365954,MLA, Apple Tv 4k A2169 De Voz 2.ª Generación 2021 4k 32gb Negro,173426652,MLA352001,699997.0,7,new,699997.0,apple,negro,2.ª generación 2021,apple tv 4k
MLA1345282920,MLA, Apple Tv 4k (wifi) A2737 De Voz 3.ª Generación 2022 4k 64gb Negro,1017136269,MLA352001,404999.0,62,new,404999.0,apple,negro,3.ª generación 2022,apple tv 4k (wifi)
MLA1594852796,MLA, Apple Tv 4k A2169 De Voz 2.ª Generación 2021 4k 64gb Negro,244022676,MLA352001,763400.0,1,new,763400.0,apple,negro,2.ª generación 2021,apple tv 4k
MLA1424614931,MLA,Apple Tv 4k 64gb 1st Gen Netflix Disney+ Hbo Prime Video,309453406,MLA352001,329999.0,999,new,329999.0,apple,,1.ª generación 2017,apple tv 4k
MLA1424707635,MLA,Apple Tv 4k 32gb 1st Gen Black Mqd22ll/a Streaming,284824585,MLA352001,249999.0,999,new,249999.0,apple,,1.ª generación 2017,apple tv 4k
MLA1427401693,MLA, Apple Tv 4k (wifi) A2737 3ª Generación (2022) 4k 64gb Negro,71666537,MLA352001,390000.0,1,new,390000.0,apple,,3.ª generación 2022,apple tv 4k (wifi)
MLA1424707689,MLA,Apple Tv 4k 32gb 1st Gen Netflix Hbo Prime Video Disney+,284824585,MLA352001,309999.0,999,new,309999.0,apple,,1.ª generación 2017,apple tv 4k
MLA1424706597,MLA,Apple Tv 4k 32gb 1st Gen Netflix Prime Video Disney+ Hbo ,119914491,MLA352001,309999.0,4,new,309999.0,apple,,1.ª generación 2017,apple tv 4k
MLA1426291701,MLA,Apple Tv 4k 64gb Modelo A2169. Soporte Y Funda De Regalo,44820200,MLA352001,567000.0,1,new,567000.0,apple,,2da generación,apple tv 4k (wifi + ethernet)
MLA1782465626,MLA,Apple Tv 4k Hdr 32gb,58176578,MLA352001,279999.0,1,new,279999.0,apple,,2.ª generación 2021,apple tv 4k
MLA1424885963,MLA,Apple Tv 4k 128gb Wifi - Ethernet,1791466217,MLA352001,490000.0,1,new,490000.0,apple,,3.ª generación,apple tv 4k
MLA1419607821,MLA, Apple Tv A1469 Estándar 3.ª Generación ,139762462,MLA352001,76160.0,1,used,76160.0,apple,,3.ª generación rev. a,apple tv
MLA1414056647,MLA, Apple Tv A1469 Estándar 3.ª Generación Rev. A Full Hd 8gb ,95052759,MLA352001,150000.0,1,used,150000.0,apple,,3.ª generación rev. a,apple tv
MLA1313569771,MLA," Apple Tv  A1625,  Negro 32gb,  Control Remoto Usado",224719601,MLA352001,111999.0,1,used,111999.0,apple,,4.ª generación 2015,apple tv hd
MLA1413965823,MLA, Apple Tv Mc572lla Estándar 2.ª Generación 2010 Hd ,95052759,MLA352001,150000.0,1,used,150000.0,apple,,2.ª generación 2010,apple tv
MLA1728067370,MLA,Apple Tv 4k 32gb A1842 Negro Completo En Caja Remote Cable,21097262,MLA352001,215800.0,1,used,215800.0,apple,,1.ª generación 4k,a1842
MLA1428590307,MLA,Apple Tv 4k,12459374,MLA352001,300000.0,1,used,300000.0,apple,,4th generation,apple tv
MLA1598302118,MLA,"Apple Tv 3 A1469  Full Hd Negro Completo, Sin Detalles.",3099743,MLA352001,97850.0,1,used,97850.0,apple,,3.ª generación,apple tv
MLA1422279097,MLA," Apple Tv Hd A1625, 4ª Generación 32gb, 2gb De Memoria Ram",58594497,MLA352001,165000.0,1,used,165000.0,apple,,4.ª generación 2015,apple tv hd
MLA1781884668,MLA, Apple Tv A1427 2.ª Generación ,70102362,MLA352001,37081.98,1,used,37081.98,apple,,2.ª generación 2010,apple tv
MLA1587533258,MLA,Apple Tv 4k A2169 De Voz 2.a Generación 2021 4k 32gb Negro,38746063,MLA352001,300000.0,1,used,300000.0,apple,,2.ª generación 2021,apple tv 4k
MLA1150226429,MLA,Caja Apple Tv ,1143394513,MLA352001,20000.0,1,used,20000.0,apple,,3.ª generación rev. a,apple tv
MLA1140019211,MLA,"Apple Tv, 2da Generacion",29067268,MLA352001,145000.0,1,used,145000.0,apple,,2.ª generación 2010,apple tv
MLA1707169742,MLA,Apple Tv A1625 (4ta Gen) + Cable Hdmi Premium,22145959,MLA352001,149000.0,1,used,149000.0,apple,,4.ª generación 2015,a1625
MLA1428080643,MLA,Apple Tv 3ra Generación,290895547,MLA352001,120000.0,1,used,120000.0,apple,,3.ª generación rev. a,apple tv
MLA1622879630,MLA,Apple Tv - Modelo A1469,85806470,MLA352001,250000.0,1,used,250000.0,apple,,3.ª generación,apple tv
MLA1400668481,MLA,Apple Tv 3ª Generación Full Hd - Perfecto Estado,15636315,MLA352001,54000.0,1,used,54000.0,apple,,3.ª generación rev. a,apple tv
MLA1426077727,MLA, Apple Tv A1469 Estándar 3.ª Generación Full Hd 8gb Negro ,84958803,MLA352001,55000.0,1,used,55000.0,apple,,3.ª generación rev. a,apple tv
MLA1422759707,MLA, Apple Tv  3.ª Generación Full Hd,186980127,MLA352001,75000.0,1,used,75000.0,apple,,3.ª generación rev. a,apple tv
MLA1374336429,MLA, Apple Tv A1469 3.ª Gen Rev. A Full Hd 8gb  Con 512mb De Ram,12436608,MLA352001,58000.0,2,used,58000.0,apple,,3.ª generación rev. a,apple tv
MLA1677887932,MLA,Apple Tv 3era Generación. Full Hd. Con Control Remoto Y Hdmi,34253391,MLA352001,55000.0,1,used,55000.0,apple,,3.ª generación rev. a,apple tv
MLA1556046712,MLA, Apple Tv A1469 Estándar ,58987472,MLA352001,120000.0,1,used,120000.0,apple,,3.ª generación rev. a,apple tv
MLA1399520644,MLA,Apple Tv 4k 32gb A1842 Negro (usado),246369034,MLA352001,380000.0,1,used,380000.0,apple,,1.ª generación,a1842
MLA1414122791,MLA, Apple Tv A1427 Negro - 1080p Full Hd,211738,MLA352001,180000.0,1,used,180000.0,apple,,3.ª generación,apple tv
MLA1415927043,MLA, Apple Tv A1469 3.ª Generación Rev. A Full Hd 8gb Negro,163283969,MLA352001,45000.0,1,used,45000.0,apple,,3.ª generación rev. a,apple tv
MLA1405341435,MLA, Apple Tv Hd A1625 Control De Voz 4.ª Generación,136962199,MLA352001,190000.0,1,used,190000.0,apple,,4.ª generación 2015,apple tv hd
MLA1685609742,MLA, Apple Tv 4k A1842 64gb Negro Wifi Ethernet,37105236,MLA352001,250000.0,1,used,250000.0,apple,,2.ª generación 2021,apple tv 4k
MLA1558999436,MLA,Apple Tv 4k 64 Gb Nuevo Sin Uso (sin Caja),39825227,MLA352001,299000.0,1,used,299000.0,apple,,1.ª generación 2017,apple tv 4k
MLA1728576740,MLA,Apple Tv 1° Generacion 2017,175291241,MLA352001,45000.0,1,used,45000.0,apple,,1.ª generación 2017,apple tv 4k
MLA1129100341,MLA,Apple Tv Hd A1625 De Voz 4 Generación 2015 Full Hd 32gb,49661558,MLA352001,180000.0,1,used,180000.0,apple,,4.ª generación 2015,apple tv hd
MLA1670324528,MLA,"Usado Apple Tv 3 A1469 Full Hd Negro Completo, Sin Detalles.",1530068588,MLA352001,99000.0,1,used,99000.0,apple,,3.ª generación rev. a,apple tv
MLA1408440613,MLA, Apple Tv A1427  Full Hd 8gb  Permuto iPhone,54214508,MLA352001,70000.0,1,used,70000.0,apple,,3.ª generación,apple tv
MLA1145383193,MLA, Apple Tv 4.ª Generación 2017 Full Hd 64gb Casi Nuevo,481782249,MLA352001,350000.0,1,used,350000.0,apple,,4.ª generación 2015,apple tv hd
MLA1755792356,MLA, Apple Tv A1469 3.ª Generación. Perf. Estado Caja Cable Orig,12274147,MLA352001,98000.0,1,used,98000.0,apple,,3.ª generación rev. a,apple tv
MLA880692414,MLA,Apple Tv 4 Generación 32 Gb,114158442,MLA352001,250000.0,1,used,250000.0,apple,,4.ª generación 2015,apple tv 4th generation
MLA1769973558,MLA, Apple Tv A1427  8gb Negro  512mb Ram Con Caja,51914721,MLA352001,30000.0,1,used,30000.0,apple,,3.ª generación,apple tv
MLA1420841735,MLA,Apple Tv A1469 3o Generación Full Hd Negro + Control,940504,MLA352001,30000.0,1,used,30000.0,apple,,3.ª generación rev. a,apple tv
MLA1425810091,MLA,Apple Tv Hd A1625 4a. Gen 2015 Full Hd 64gb,339866087,MLA352001,170000.0,1,used,170000.0,apple,,4.ª generación 2015,apple tv hd
MLA1758316672,MLA,Apple Tv ,58348106,MLA352001,75000.0,1,used,75000.0,apple,,,1469
MLA1427359815,MLA,"Apple Tv 32gb Hd 2021, 2da Generación Control Remoto Con Voz",1658180228,MLA352001,120000.0,1,used,120000.0,apple,,,apple tv 4k
MLA1742296696,MLA,Apple Tv 4k 32 Gb,123677826,MLA352001,230000.0,1,used,230000.0,apple,,1.ª generación 2017,apple tv 4k
MLA1731433246,MLA,Apple Tv 4k 32gb  5ª Generación 2017 Excelente Estado,58336876,MLA352001,179000.0,1,used,179000.0,apple,,1.ª generación 2017,apple tv 4k
MLA1728135602,MLA, Apple Tv A1469 3.ª Generación Rev. A Full Hd 8gb Negro,40251114,MLA352001,45000.0,1,used,45000.0,apple,,3.ª generación rev. a,apple tv
MLA1751043434,MLA,Apple Tv 2da Generacion Usado Impecable,66393546,MLA352001,70000.0,1,used,70000.0,apple,,2.ª generación 2010,apple tv
MLA1777645902,MLA,Apple Tv,811905,MLA352001,117000.0,1,used,117000.0,apple,,4.ª generación 2015,apple tv hd
MLA1731403086,MLA,Apple Tv A1427 Full Hd,37301991,MLA352001,49500.0,1,used,49500.0,apple,,3.ª generación,apple tv
MLA1424089213,MLA, Apple Tv 1.ª Gen Full Hd 160gb Impecable!!!,163829559,MLA352001,49999.0,1,used,49999.0,apple,,1.ª generación 2007,apple tv
MLA1742232360,MLA,"Apple Tv 4k - Perfecto Estado - Oportunidad, Traído De Usa",5812600,MLA352001,170000.0,1,used,170000.0,apple,,1.ª generación 2017,apple tv 4k a1842
MLA1421208923,MLA, Apple Tv A1469  Control Remoto Estándar ,59139948,MLA352001,50000.0,1,used,50000.0,apple,,3.ª generación rev. a,apple tv
MLA1422790401,MLA,Apple Tv A1625. 4ta Generación 2015 Full Hd 32gb. Negro,815019763,MLA352001,115000.0,1,used,115000.0,apple,,4.ª generación 2015,apple tv hd
MLA1317267791,MLA,Apple Tv 3era Generación. Full Hd. Con Control Remoto,84465736,MLA352001,55000.0,1,used,55000.0,apple,,3.ª generación,apple tv
MLA1728571288,MLA,Apple Tv 2a Generación Full Hd,27193808,MLA352001,150000.0,1,used,150000.0,apple,,2.ª generación 2010,apple tv
MLA1389970913,MLA, Apple Tv A1469. Full Hd 8gb/ 512mb De Memoria Ram,38345984,MLA352001,80000.0,1,used,80000.0,apple,,3.ª generación rev. a,apple tv
MLA1762465142,MLA, Apple Tv A1625 Control De Voz 4.ª Generación Full Hd 32gb,92835104,MLA352001,150000.0,1,used,150000.0,apple,,4.ª generación 2015,apple tv hd
MLA1422102923,MLA, Apple Tv A1427  8gb Negro  512mb Ram ,13076563,MLA352001,40000.0,1,used,40000.0,apple,,3.ª generación,apple tv
MLA1400634885,MLA,Apple Tv 3ª Generación Full Hd - Perfecto Estado,15636315,MLA352001,58000.0,1,used,58000.0,apple,,3.ª generación rev. a,apple tv
MLA1421765447,MLA,Apple Tv 3 Generación ,51163333,MLA352001,80000.0,1,used,80000.0,apple,,3.ª generación,apple tv
MLA1767279026,MLA,Apple Tv A1625 -4ta- 32gb. Permuto X Chromecast ,5480931,MLA352001,105000.0,1,used,105000.0,apple,,4.ª generación 2015,apple tv hd
MLA1730856004,MLA,Apple Tv (tercera Generación),673756724,MLA352001,29000.0,1,used,29000.0,apple,,3.ª generación rev. a,apple tv
MLA1421759981,MLA, Apple Tv A1469 ,45628890,MLA352001,150000.0,1,used,150000.0,apple,,3.ª generación rev. a,apple tv
MLA1391230655,MLA, Apple Tv A1469 3.ª Generación Full Hd Como Nuevo Poco Uso,1026852780,MLA352001,68000.0,1,used,68000.0,apple,,3.ª generación rev. a,apple tv
MLA1536211214,MLA,Apple Tv Modelo A 1469,46691945,MLA352001,40000.0,1,used,40000.0,apple,,3.ª generación rev. a,apple tv
MLA1741725788,MLA, Apple Tv A1469 3ra Generación - Sin Uso,98105781,MLA352001,75000.0,1,used,75000.0,apple,,3.ª generación rev. a,apple tv
MLA1421652081,MLA,Apple Tv A1469 Completo,94240293,MLA352001,39400.0,1,used,39400.0,apple,,3.ª generación rev. a,apple tv
MLA1726459710,MLA, Apple Tv  3.ª Generación (year 2012),42544866,MLA352001,45000.0,1,used,45000.0,apple,,3.ª generación rev. a,apple tv
MLA1400247011,MLA, Apple Tv A1469 Estándar 3era Generación,249143664,MLA352001,62000.0,2,used,62000.0,apple,,3.ª generación rev. a,apple tv
MLA1729736206,MLA,Apple Tv 3era Generación (2012),333066298,MLA352001,50000.0,1,used,50000.0,apple,,3.ª generación rev. a,apple tv
MLA1399960137,MLA, Apple Tv A1469 Estándar 3.ª.full Hd 8gb Negro Con 512mb Ram,476431411,MLA352001,30000.0,1,used,30000.0,apple,,3.ª generación rev. a,apple tv
MLA1782651400,MLA,Apple Tv (3rd Generación) Transmisión De Medios Hd Digital,213407867,MLA352001,150000.0,1,used,150000.0,apple,,3.ª generación,tercera generación
MLA1730608558,MLA,Apple Tv A1469,130950365,MLA352001,69000.0,1,used,69000.0,apple,,3.ª generación rev. a,apple tv
MLA1716898108,MLA, Apple Tv A1469 Estándar 3.ª Generación  - Pilar,446982,MLA352001,69215.0,1,used,69215.0,apple,,3.ª generación rev. a,apple tv
MLA1781973478,MLA, Apple Tv Hd A1625 ,108337439,MLA352001,180000.0,1,used,180000.0,apple,,4.ª generación 2015,apple tv hd
MLA1419306289,MLA,Apple Tv 4k,99121879,MLA352001,350000.0,1,used,350000.0,apple,,1.ª generación 2017,apple tv 4k
MLA1419331631,MLA, Apple Tv 1ª Gen Full Hd -olo Aparato - Enciende - No Envío,290356664,MLA352001,23432.0,1,used,23432.0,apple,,1.ª generación 2007,apple tv
MLA1410413583,MLA,Apple Tv,3328840,MLA352001,49000.0,1,used,49000.0,apple,,3.ª generación rev. a,apple tv
MLA924796800,MLA,Apple Tv Modelo A1469 3ra Gen - No Enciende - No Envío - C12,290356664,MLA352001,16813.56,1,used,16813.56,apple,,3.ª generación rev. a,apple tv
MLA1106548079,MLA,Amazon Fire Tv Stick Lite- De Voz 2.ª Generación Full Hd Negro Con 1gb De Memoria Ram,579983671,MLA352001,64899.0,1161,new,64899.0,amazon,negro,2.ª generación,fire tv stick lite-
MLA1424073263,MLA,Amazon Lite Fire Tv Stick B091g4yp57 De Voz 2.ª Generación Full Hd 8gb Negro Con 1gb De Memoria Ram,119671699,MLA352001,74499.0,116,new,74499.0,amazon,negro,2.ª generación,fire tv stick
MLA1718261262,MLA,Amazon Fire Tv Stick 4k 2023 Wifi 6 2gb De Ram Con Alexa Color Negro,1443311053,MLA352001,78800.0,130,new,78800.0,amazon,negro,2°,fire tv stick 4k
MLA1565619806,MLA,Amazon Fire Tv Stick Lite Control Por Voz Alexa Fhd 1080p Color Negro Tipo De Control Remoto De Voz,621229920,MLA352001,73000.0,121,new,73000.0,amazon,negro,3.ª generación,fire tv stick lite
MLA1400535123,MLA,Amazon Tv Stick Fire Tv Stick 4k Max K2r2te De Voz 1.ª Generación 4k 8gb Negro Con 2gb De Memoria Ram,1443311053,MLA352001,88000.0,110,new,88000.0,amazon,negro,1.ª generación,fire tv stick 4k max
MLA1382251965,MLA,Amazon Max Fire Tv Stick 4k Max B08mqzxn1x De Voz 3.ª Generación 4k 8gb Negro Con 2gb De Memoria Ram,153491318,MLA352001,106999.0,124,new,106999.0,amazon,negro,3.ª generación,fire tv stick 4k max
MLA1368840253,MLA,Amazon Fire Tv Stick 4k De Voz 3.ª Generación 4k 8gb Negro Con 1.5gb De Memoria Ram,167338436,MLA352001,109790.0,33,new,109790.0,amazon,negro,3.ª generación,fire tv stick 4k
MLA1395987695,MLA,Amazon Fire Tv Stick 3ra Hd Alexa Voice Remote Original,1312428764,MLA352001,90768.0,143,new,90768.0,amazon,negro,3.ª generación,fire tv stick
MLA1751072176,MLA,"Amazon Fire Tv Stick 4k Streaming, Con Alexa Voice Remote Color Negro",656691895,MLA352001,91200.0,84,new,91200.0,amazon,negro,2ª generación,fire tv stick 4k
MLA1427535382,MLA,Amazon Fire Tv Stick 4k De Voz 2ª Generación 4k 8gb Negro1 Con 1.5gb De Memoria Ram,37761986,MLA352001,108030.0,11,new,108030.0,amazon,negro1,2ª generación,fire tv stick 4k
MLA1111950343,MLA,Amazon Fire Tv Stick De Voz 3.ª Generación Full Hd 8gb Negro Con 1gb De Memoria Ram,153491318,MLA352001,93099.05,228,new,93099.05,amazon,negro,3.ª generación,fire tv stick
MLA1369238847,MLA,Amazon Fire Tv Stick Lite Control De Voz Full Hd 8gb 1gb Ram,1002842391,MLA352001,64999.0,153,new,64999.0,amazon,,2.ª generación,fire tv stick lite
MLA1744110848,MLA,Fire Tv Stick 4k (2023) Wi-fi 6 2gb De Ram Con Alexa ,512225720,MLA352001,82985.36,59,new,82985.36,amazon,,2°,fire tv stick 4k
MLA1286252840,MLA,"Amazon Fire Tv Stick 4k 8gb Hdr Dolby 1,5gb Ram Control Voz",167338436,MLA352001,88999.0,147,new,88999.0,amazon,,3.ª generación,fire tv stick 4k
MLA1396000791,MLA,Amazon Fire Tv Stick 3ra Hd Alexa Voice Remote Original,1312428764,MLA352001,80623.0,142,new,80623.0,amazon,,3.ª generación,fire tv stick
MLA1149610870,MLA,Streaming Tv Amazon Fire Tv Stick 4k Max Netflix Prime Video,309453406,MLA352001,87141.7,7,new,87141.7,amazon,,1.ª generación,fire tv stick 4k
MLA1369261961,MLA,Amazon Fire Tv Stick Lite Control De Voz Full Hd 8gb 1gb Ram,1002842391,MLA352001,84999.0,117,new,84999.0,amazon,,2.ª generación,fire tv stick lite
MLA1412833394,MLA,Amazon Fire Tv Stick 4k Last Version Cargador Orig. + Cuot.s,247639927,MLA352001,145998.0,10,new,145998.0,amazon,,3.ª generación,fire tv stick 4k
MLA1422432335,MLA,Amazon Fire Tv Stick Lite- De Voz 2.ª Generación Full Hd ,512225720,MLA352001,71449.0,32,new,71449.0,amazon,,2.ª generación,fire tv stick lite-
MLA1106495695,MLA, Amazon Fire Tv Stick Lite Full Hd 8gb 1gb Ram Streaming ,52270943,MLA352001,64899.0,136,new,64899.0,amazon,,2.ª generación,fire tv stick lite
MLA1106948651,MLA,Amazon Fire Tv Stick Lite Full Hd 8gb 1gb Ram Streaming,207527715,MLA352001,64899.0,123,new,64899.0,amazon,,2.ª generación,fire tv stick lite
MLA1405570931,MLA,Amazon Fire Tv Stick 4k Max Alexa 3° Gen Con Detalles,153491318,MLA352001,106999.0,5,new,106999.0,amazon,,3.ª generación,fire tv stick 4k max
MLA1383600376,MLA,Amazon Fire Tv Stick Lite Control De Voz Full Hd 8gb 1gb Ram,471469475,MLA352001,64999.0,10,new,64999.0,amazon,,2.ª generación,fire tv stick lite
MLA1558037076,MLA,"Fire Tv Stick (3.ª Generación 2021) Con Alexa Voice Remote, ",126835229,MLA352001,142417.0,3,new,142417.0,amazon,negro,3.ª generación,fire stick
MLA1382303479,MLA,Amazon Fire Tv Stick 4k Max Control De Voz Alexa 3ra Gen 8gb,153491318,MLA352001,128398.4,8,new,128398.4,amazon,,3.ª generación,fire tv stick 4k max
MLA1122778348,MLA,Amazon Fire Tv Stick 4k Hd Smart Tv Apps Netflix Disney  +,45059170,MLA352001,155249.0,39,new,155249.0,amazon,,3.ª generación,fire tv stick 4k
MLA1453363808,MLA,Amazon Fire Tv Stick Lite Full Hd 8gb 1gb Ram Black Control,250121682,MLA352001,64899.0,10,new,64899.0,amazon,,2.ª generación,fire tv stick lite
MLA1359567353,MLA,Amazon Fire Tv Stick 4k Max 3rd Gen Dolby Vision 8gb 2gb Ram,37761986,MLA352001,125999.0,12,new,125999.0,amazon,,3.ª generación,fire tv stick 4k max
MLA1119676470,MLA,Amazon Fire Tv Stick 4k Max Streaming Tv ,309453406,MLA352001,129990.0,7,new,129990.0,amazon,,1.ª generación,fire tv stick 4k max
MLA1409003536,MLA,Amazon Fire Tv Stick Lite 2022 Control De Voz Full Hd 8gb,247639927,MLA352001,85996.0,8,new,85996.0,amazon,,2.ª generación,fire tv stick lite edición 2022
MLA1707874712,MLA,Amazon Fire Tv Stick 1080p Alexa Control Remoto Tz,159636048,MLA352001,64799.0,2,new,64799.0,amazon,negro,,fire tv stick lite
MLA1392920957,MLA,Amazon Fire Tv Cube De Voz 2.ª Generación 4k 16gb Negro Con 2gb De Memoria Ram,152186384,MLA352001,325000.0,3,new,325000.0,amazon,negro,2.ª generación,fire tv cube
MLA1545001988,MLA,Amazon Fire Tv Stick 4k Control De Voz 3.ª Gen 8gb 1.5gb Ram,1312428764,MLA352001,92487.0,24,new,92487.0,amazon,,3.ª generación,fire tv stick 4k
MLA1286072659,MLA,Amazon Fire Tv Stick Lite Con Cargador Cuot.s S/ Inter.s!,247639927,MLA352001,88996.0,24,new,88996.0,amazon,,2.ª generación,fire tv stick lite
MLA1109108466,MLA,Amazon Fire Tv Stick 3ra Generacion Hd Alexa  Remote,153491318,MLA352001,111718.48,135,new,111718.48,amazon,,3.ª generación,fire tv stick
MLA1134829983,MLA,Reproductor Amazon Fire Tv Stick 4k Hdr Control Remoto Alexa,33291180,MLA352001,146658.15,27,new,146658.15,amazon,,2ª generación,fire tv stick 4k
MLA874503353,MLA,Amazon Fire Tv Stick 4k De Voz 4k 8gb Negro Con Memoria Ram,96270679,MLA352001,91999.0,214,new,91999.0,amazon,,,fire tv stick 4k
MLA1403568339,MLA,Amazon Fire Tv Stick 4k De Voz 3.ª 4k 8gb Negro 1.5gb Ram,148613909,MLA352001,89999.0,14,new,89999.0,amazon,,3.ª generación,fire tv stick 4k
MLA1143409979,MLA,Amazon Fire Tv Stick Lite Full Hd Control Voz Smart Tv Hdmi,45059170,MLA352001,67999.0,30,new,67999.0,amazon,,2.ª generación,fire tv stick lite
MLA1785700630,MLA,Amazon Fire Tv Stick De Voz 3.ª Generación Full Hd 8gb Negro,446929838,MLA352001,81000.0,6,new,81000.0,amazon,,3.ª generación,fire tv stick
MLA1359484285,MLA,"Amazon Fire Tv Stick 4k 8gb Hdr Dolby 1,5gb Ram Control Voz",37761986,MLA352001,83099.0,37,new,83099.0,amazon,,2ª generación,fire tv stick 4k
MLA1376700509,MLA,Amazon Fire Tv Stick 4k 8gb  1.5gb Ram Streaming Control Voz,579983671,MLA352001,86999.0,12,new,86999.0,amazon,,3.ª generación,fire tv stick 4k
MLA1143423103,MLA,Tv Stick Amazon Fire Lite Full Hd Control Voz Bt Hdmi Gtia,53971387,MLA352001,67999.0,9,new,67999.0,amazon,,2.ª generación,fire tv stick lite
MLA1399046785,MLA,Amazon Fire Tv Stick 4k De Voz 4k 8gb Negro,160885918,MLA352001,100416.0,6,new,100416.0,amazon,,2ª generación,fire tv stick 4k
MLA1426670419,MLA,Amazon Fire Tv Stick De Voz 3.ª Generación Full Hd 8gb Negro,630535017,MLA352001,97999.0,1,new,97999.0,amazon,,3.ª generación,fire tv stick
MLA1369051919,MLA,Amazon Fire Tv Stick 4k De Voz 3° Gen 8gb Cargador Original!,247639927,MLA352001,109998.0,30,new,109998.0,amazon,,3.ª generación,fire tv stick 4k
MLA1404718091,MLA,Amazon Fire Tv Stick Lite Full Hd 3ra Generacion ,184755281,MLA352001,161752.0,4,new,161752.0,amazon,,2.ª generación,fire tv stick lite-
MLA1174670102,MLA,Amazon Fire Tv Stick 4k De Voz 4k 8gb 1.5gb De Memoria Ram,24528652,MLA352001,101949.0,9,new,101949.0,amazon,,2ª generación,fire tv stick 4k
MLA1473218924,MLA,Amazon Fire Tv Stick Control Voz 3.ª Generación Full Hd 8gb ,272386755,MLA352001,114499.2,10,new,114499.2,amazon,,3.ª generación,fire tv stick
MLA1138176179,MLA,Amazon Fire Tv Stick Lite De Voz Full Hd 8gb Con Fuente,199785787,MLA352001,74000.0,82,new,74000.0,amazon,,2.ª generación,fire tv stick lite
MLA1550316792,MLA,Amazon Fire Tv Stick 4k De Voz 3.ª Generación 4k 8gb Negro ,456970476,MLA352001,93000.0,1,new,93000.0,amazon,,3.ª generación,fire tv stick 4k
MLA1308237521,MLA,Amazon Fire Tv Stick 4k De Voz 4k 8gb Con 1.5gb De Ram,8696870,MLA352001,92000.0,3,new,92000.0,amazon,,3.ª generación,fire tv stick 4k
MLA1142699189,MLA,Amazon Fire Tv Stick Lite De Voz Full Hd 8gb Con 1gb De Ram,160885918,MLA352001,67640.0,9,new,67640.0,amazon,,2.ª generación,fire tv stick lite
MLA1545001880,MLA,Amazon Fire Tv Stick 4k Control De Voz 3.ª Gen 8gb 1.5gb Ram,1312428764,MLA352001,104125.0,24,new,104125.0,amazon,,3.ª generación,fire tv stick 4k
MLA1359581075,MLA,Amazon Fire Tv Stick Lite Hd 8gb Hdr Dolby 1080p Control Voz,37761986,MLA352001,64899.0,22,new,64899.0,amazon,,2.ª generación,fire tv stick lite
MLA1138112896,MLA,Amazon Fire Tv Stick De Voz 4k 8gb Cargador + Cuot.s S/ Int-,247639927,MLA352001,148887.0,33,new,148887.0,amazon,,,fire tv stick 4k
MLA1138087992,MLA,Amazon Fire Tv Stick De Voz 4k 8gb Cuot.s S/ Int- Fuente 220,247639927,MLA352001,148886.0,43,new,148886.0,amazon,,,fire tv stick 4k
MLA1548431302,MLA,Amazon Fire Tv Stick Control Voz 2.ª Gen Full Hd 8gb Negro,96270679,MLA352001,77789.0,247,new,77789.0,amazon,,2.ª generación,fire tv stick lite edición 2022
MLA875087652,MLA,Amazon Fire Tv Stick 4k Uhd 8gb Negro Hdmi C/ Alexa,86898163,MLA352001,83099.0,362,new,83099.0,amazon,,2ª generación,fire tv stick 4k
MLA1122850702,MLA,Amazon Fire Tv Stick 4k Control Voz Smart Tv 8gb Netflix +,53971387,MLA352001,155249.0,20,new,155249.0,amazon,,3.ª generación,fire tv stick 4k
MLA1496857990,MLA,Amazon Fire Tv Stick Lite 2gen Full Hd 8gb Vemayme,1014965859,MLA352001,87230.61,11,new,87230.61,amazon,,2.ª generación,fire tv stick lite edición 2022
MLA1496806950,MLA,Amazon Fire Tv Stick Lite 2gen Full Hd 8gb Vemayme,1014965859,MLA352001,106273.91,11,new,106273.91,amazon,,2.ª generación,fire tv stick lite edición 2022
MLA1138064125,MLA,Amazon Fire Tv Stick De Voz 4k 8gb Latest Model Cargador 220,247639927,MLA352001,109997.0,103,new,109997.0,amazon,,,fire tv stick 4k
MLA1403370075,MLA,Dispositivo Streaming Amazon Stick 4k,208948246,MLA352001,167348.8,1,new,167348.8,amazon,negro,2ª generación,fire tv stick 4k
MLA1398366265,MLA,Conversor Smart Tv Amazon Lite 8gb Full Hd Control Por Voz,1574458474,MLA352001,73999.0,40,new,73999.0,amazon,,2.ª generación,fire tv stick lite
MLA1424116649,MLA,Amazon Fire Tv Stick 4k De Voz 3.ª Generación 4k 8gb Negro C,288537838,MLA352001,117030.0,2,new,117030.0,amazon,,3.ª generación,fire tv stick 4k
MLA1425716619,MLA,Fire Stick 4k,27013473,MLA352001,90000.0,1,new,90000.0,amazon,,2°,fire tv stick 4k
MLA1359485106,MLA,Amazon Fire Tv Stick Lite Hd 8gb Hdr Dolby 1080p Control Voz,37761986,MLA352001,96119.0,8,new,96119.0,amazon,,2.ª generación,fire tv stick lite
MLA1473269096,MLA,"Amazon Fire Tv Stick 4k Streaming, Con Alexa Voice Remote ",272386755,MLA352001,200940.48,10,new,200940.48,amazon,,2ª generación,fire tv stick 4k
MLA1424116545,MLA,Amazon Fire Tv Stick 4k De Voz 3.ª Generación 4k 8gb Negro C,288537838,MLA352001,89099.0,1,new,89099.0,amazon,,3.ª generación,fire tv stick 4k
MLA1114934662,MLA,Convertidor Smart Tv Amazon Lite Fire Full Hd Control De Voz,32331880,MLA352001,130047.11,25,new,130047.11,amazon,,2.ª generación,fire tv stick lite
MLA1114672681,MLA, Amazon Fire Tv Stick 4k Ultra Hd Hdr Con Alexa En Control ,69526727,MLA352001,83099.0,422,new,83099.0,amazon,,2ª generación,fire tv stick 4k
MLA1414835553,MLA,Amazon Fire Tv Stick 4k 3.ª Generación 4k 8gb Negro C,1695895229,MLA352001,100318.68,100,new,100318.68,amazon,,3.ª generación,fire tv stick 4k
MLA1114918626,MLA,Convertidor Smart Tv Amazon Lite Fire Fullhd Control Por Voz,32331880,MLA352001,224781.31,9,new,224781.31,amazon,,2.ª generación,fire tv stick lite-
MLA1403331045,MLA,4k Dispositivo Para Streaming De Video/audio Amazon Stick 4k,208948246,MLA352001,247047.3,1,new,247047.3,amazon,negro,2ª generación,fire tv stick 4k
MLA1394486515,MLA,Amazon Fire Tv Stick Lite De Voz 2.ª Generación Full Hd 8gb,774161793,MLA352001,197700.0,5,new,197700.0,amazon,,2.ª generación,fire tv stick lite
MLA1149652512,MLA,Amazon Fire Tv Stick 4k Con Alexa Netflix Youtube Disney,199785787,MLA352001,81000.0,100,new,81000.0,amazon,,2ª generación,fire tv stick 4k
MLA1394560239,MLA,Amazon Fire Tv Stick Lite Full Hd,216990839,MLA352001,197700.0,5,new,197700.0,amazon,,2.ª generación,fire tv stick lite
MLA1610703866,MLA,Nuevo Dispositivo De Transmision Amazon Fire Tv Stick 4k,161008662,MLA352001,189839.0,2,new,189839.0,amazon,,,m3n6ra
MLA1405300355,MLA,Amazon Fire Tv Stick 3r Hd Alexa Voice Remote Original Negro,1613381841,MLA352001,134999.0,2,new,134999.0,amazon,,3.ª generación,fire tv stick
MLA1514794020,MLA,Amazon Fire Tv Stick Lite Edición 2022 Full Hd 8gb Con Voz,153491318,MLA352001,66799.0,41,new,66799.0,amazon,,2.ª generación,fire tv stick lite edición 2022
MLA1405734833,MLA,Amazon Fire Tv Stick Lite 2022 Full Hd 8gb Con Voz Open Box,153491318,MLA352001,66399.0,2,new,66399.0,amazon,,2.ª generación,fire tv stick lite edición 2022
MLA1359335390,MLA,Amazon Fire Tv Stick 4k Max 3rd Gen Dolby Vision 8gb 2gb Ram,37761986,MLA352001,96799.0,5,new,96799.0,amazon,,3.ª generación,fire tv stick 4k max
MLA1473649132,MLA,"Amazon Fire Tv Stick 4k Streaming, Con Alexa Voice Remote ",272386755,MLA352001,200160.0,9,new,200160.0,amazon,,2ª generación,fire tv stick 4k
MLA1426892463,MLA,Adaptador Portátil  Amazon Fire Tv Stick 4k Con Alexa ,1288852167,MLA352001,88900.0,1,new,88900.0,amazon,,3.ª generación,fire tv stick
MLA1785160716,MLA,Amazon Fire Tv Stick ,1194756678,MLA352001,137555.0,1,new,137555.0,amazon,,2.ª generación,fire tv
MLA1766079028,MLA,Amazon Fire Stick ,58026624,MLA352001,45000.0,1,used,45000.0,amazon,,1.ª generación,fire tv stick 4k max
MLA1778285264,MLA,Stick Fire Tv Lite Streaming,58594497,MLA352001,60000.0,1,used,60000.0,amazon,,2.ª generación,fire tv stick amazon
MLA1778279612,MLA,Amazon Fire Tv Stick 3.ª Gen. 4k 8gb 2gb Ram,51788663,MLA352001,75000.0,1,used,75000.0,amazon,,3.ª generación,fire tv stick
MLA1426029835,MLA,Amazon Fire Tv Stick 4k Hdr Alexa 1.5gb Ram Impecable ,1615476363,MLA352001,70000.0,1,used,70000.0,amazon,,2ª generación,fire tv stick 4k
MLA1767892360,MLA,Fire Tv Stick Amazon ,118507134,MLA352001,25000.0,1,used,25000.0,amazon,,2.ª generación,fire tv
MLA1760032504,MLA,Amazon Fire Tv Stick 3ra Gen Full Hd Youtubenetflix Disney,185022156,MLA352001,70000.0,1,used,70000.0,amazon,,3.ª generación,fire stick
